{
  "timestamp": "2025-09-23T20:20:01.283366",
  "request": {
    "id": "0ad982dc-127f-4799-bad3-df9ab76e02d3",
    "room_width": 235.95160629732476,
    "room_depth": 281.78809701336536,
    "room_height": 280.0,
    "objects_to_place": [
      "Toilet bidet",
      "Shower",
      "Sink",
      "Bathtub"
    ],
    "windows_doors": [
      {
        "name": "door",
        "wall": "top",
        "position": [
          0.0,
          128.0
        ],
        "width": 75.0,
        "depth": 5.0,
        "height": 275.0,
        "hinge": "left",
        "way": "inward"
      }
    ],
    "beam_width": 10
  },
  "bathroom": "<models.bathroom.Bathroom object at 0x00000220C8976290>",
  "layout": "<models.layout.Layout object at 0x00000220C8976350>",
  "response": {
    "layout_id": "0ad982dc-127f-4799-bad3-df9ab76e02d3",
    "score": 94.3157894736842,
    "room_width": 235.95160629732476,
    "room_depth": 281.78809701336536,
    "room_height": 280.0,
    "objects": [
      {
        "object_type": "bathtub",
        "position": [
          165.95160629732476,
          161.78809701336536
        ],
        "width": 120.0,
        "depth": 70.0,
        "height": 56.0,
        "wall": "bottom-right",
        "shadow": [
          0.0,
          0.0,
          0.0,
          0.0
        ]
      },
      {
        "object_type": "shower",
        "position": [
          140.95160629732476,
          0.0
        ],
        "width": 95.0,
        "depth": 95.0,
        "height": 200.0,
        "wall": "bottom-left",
        "shadow": [
          0.0,
          0.0,
          0.0,
          0.0
        ]
      },
      {
        "object_type": "toilet bidet",
        "position": [
          70.0,
          220.78809701336536
        ],
        "width": 61.0,
        "depth": 85.0,
        "height": 40.0,
        "wall": "right",
        "shadow": [
          10.0,
          60.0,
          0.0,
          10.0
        ]
      },
      {
        "object_type": "sink",
        "position": [
          181.0,
          96.0
        ],
        "width": 65.0,
        "depth": 54.0,
        "height": 85.0,
        "wall": "bottom",
        "shadow": [
          60.0,
          0.0,
          0.0,
          0.0
        ]
      }
    ],
    "score_breakdown": {
      "enclosed_spaces": 10.0,
      "no_overlap": 10.0,
      "shower_space": 10.0,
      "wall_corner_constraints": 10.0,
      "corner_coverage": 10.0,
      "door_sink_toilet": 13.333333333333332,
      "sink_opposite_door": 10.0,
      "sink_symmetrial_door": 0.0,
      "door_sink_distance": 10.0,
      "toilet_to_door": 20.0,
      "corner_toilet": 0.0,
      "hidden_sink": 10.0,
      "not_enough_space": 10.0,
      "spacing": 8.75,
      "shadow_constraints": 10.0,
      "requested_objects": 10.0,
      "bathtub_placement": 10.0,
      "toilet_free_space": 7.116666666666666,
      "opposite_walls_distance": 10.0
    },
    "processing_time": 240.24508929252625,
    "windows_doors": [
      {
        "name": "door",
        "wall": "top",
        "position": [
          0.0,
          128.0
        ],
        "width": 75.0,
        "depth": 5.0,
        "height": 275.0,
        "hinge": "left",
        "way": "inward"
      }
    ]
  },
  "score": 94.3157894736842,
  "score_breakdown": {
    "enclosed_spaces": 10,
    "no_overlap": 10,
    "shower_space": 10,
    "wall_corner_constraints": 10,
    "corner_coverage": 10.0,
    "door_sink_toilet": 13.333333333333332,
    "sink_opposite_door": 10,
    "sink_symmetrial_door": 0,
    "door_sink_distance": 10,
    "toilet_to_door": 20,
    "corner_toilet": 0,
    "hidden_sink": 10,
    "not_enough_space": 10,
    "spacing": 8.75,
    "shadow_constraints": 10.0,
    "requested_objects": 10.0,
    "bathtub_placement": 10,
    "toilet_free_space": 7.116666666666666,
    "opposite_walls_distance": 10
  }
}