{
  "timestamp": "2025-09-18T11:53:46.934575",
  "request": {
    "id": "17368f41-45b0-4d4d-ab36-6d8b313f5c12",
    "room_width": 277.99999999999983,
    "room_depth": 308.0000000000001,
    "room_height": 280.0,
    "objects_to_place": [
      "Toilet bidet",
      "Sink",
      "Bathtub",
      "Shower"
    ],
    "windows_doors": [
      {
        "name": "door",
        "wall": "right",
        "position": [
          100.0,
          308.0
        ],
        "width": 100.0,
        "depth": 5.0,
        "height": 275.0,
        "hinge": "left",
        "way": "inward"
      }
    ],
    "beam_width": 5
  },
  "bathroom": "<models.bathroom.Bathroom object at 0x000001CA06DA2790>",
  "layout": "<models.layout.Layout object at 0x000001CA06DA2710>",
  "response": {
    "layout_id": "17368f41-45b0-4d4d-ab36-6d8b313f5c12",
    "score": 89.95614035087719,
    "room_width": 277.99999999999983,
    "room_depth": 308.0000000000001,
    "room_height": 280.0,
    "objects": [
      {
        "object_type": "bathtub",
        "position": [
          207.99999999999983,
          178.0000000000001
        ],
        "width": 130.0,
        "depth": 70.0,
        "height": 56.0,
        "wall": "bottom-right",
        "shadow": [
          0.0,
          0.0,
          0.0,
          0.0
        ]
      },
      {
        "object_type": "shower",
        "position": [
          0.0,
          208.0000000000001
        ],
        "width": 100.0,
        "depth": 100.0,
        "height": 200.0,
        "wall": "top-right",
        "shadow": [
          0.0,
          0.0,
          0.0,
          0.0
        ]
      },
      {
        "object_type": "toilet bidet",
        "position": [
          212.99999999999983,
          70.0
        ],
        "width": 75.0,
        "depth": 65.0,
        "height": 40.0,
        "wall": "bottom",
        "shadow": [
          60.0,
          30.0,
          30.0,
          0.0
        ]
      },
      {
        "object_type": "sink",
        "position": [
          40.0,
          0.0
        ],
        "width": 50.0,
        "depth": 60.0,
        "height": 85.0,
        "wall": "left",
        "shadow": [
          0.0,
          0.0,
          60.0,
          0.0
        ]
      }
    ],
    "score_breakdown": {
      "enclosed_spaces": 10.0,
      "no_overlap": 10.0,
      "shower_space": 10.0,
      "wall_corner_constraints": 10.0,
      "corner_coverage": 10.0,
      "door_sink_toilet": 13.333333333333332,
      "sink_opposite_door": 10.0,
      "sink_symmetrial_door": 0.0,
      "door_sink_distance": 0.0,
      "toilet_to_door": 20.0,
      "corner_toilet": 0.0,
      "hidden_sink": 10.0,
      "not_enough_space": 10.0,
      "spacing": 10.0,
      "shadow_constraints": 10.0,
      "requested_objects": 10.0,
      "bathtub_placement": 10.0,
      "toilet_free_space": 7.583333333333333,
      "opposite_walls_distance": 10.0
    },
    "processing_time": 450.41695499420166,
    "windows_doors": [
      {
        "name": "door",
        "wall": "right",
        "position": [
          100.0,
          308.0
        ],
        "width": 100.0,
        "depth": 5.0,
        "height": 275.0,
        "hinge": "left",
        "way": "inward"
      }
    ]
  },
  "score": 89.95614035087719,
  "score_breakdown": {
    "enclosed_spaces": 10,
    "no_overlap": 10,
    "shower_space": 10,
    "wall_corner_constraints": 10,
    "corner_coverage": 10.0,
    "door_sink_toilet": 13.333333333333332,
    "sink_opposite_door": 10,
    "sink_symmetrial_door": 0,
    "door_sink_distance": 0,
    "toilet_to_door": 20,
    "corner_toilet": 0,
    "hidden_sink": 10,
    "not_enough_space": 10,
    "spacing": 10.0,
    "shadow_constraints": 10.0,
    "requested_objects": 10.0,
    "bathtub_placement": 10,
    "toilet_free_space": 7.583333333333333,
    "opposite_walls_distance": 10
  }
}