{
  "timestamp": "2025-09-19T14:27:03.917256",
  "request": {
    "id": "1f773102-37ca-4026-8ba8-44a34bbbb37e",
    "room_width": 220.00000000000085,
    "room_depth": 205.9999999999999,
    "room_height": 280.0,
    "objects_to_place": [
      "Sink",
      "Bathtub",
      "Toilet bidet"
    ],
    "windows_doors": [
      {
        "name": "door",
        "wall": "top",
        "position": [
          0.0,
          68.0
        ],
        "width": 74.99999999999997,
        "depth": 5.0,
        "height": 275.0,
        "hinge": "left",
        "way": "inward"
      }
    ],
    "beam_width": 10
  },
  "bathroom": "<models.bathroom.Bathroom object at 0x000002875B8693D0>",
  "layout": "<models.layout.Layout object at 0x000002875B8690D0>",
  "response": {
    "layout_id": "1f773102-37ca-4026-8ba8-44a34bbbb37e",
    "score": 93.42592592592592,
    "room_width": 220.00000000000085,
    "room_depth": 205.9999999999999,
    "room_height": 280.0,
    "objects": [
      {
        "object_type": "bathtub",
        "position": [
          150.00000000000085,
          80.99999999999989
        ],
        "width": 125.0,
        "depth": 70.0,
        "height": 56.0,
        "wall": "bottom-right",
        "shadow": [
          0.0,
          0.0,
          0.0,
          0.0
        ]
      },
      {
        "object_type": "toilet bidet",
        "position": [
          65.0,
          145.9999999999999
        ],
        "width": 60.0,
        "depth": 75.0,
        "height": 40.0,
        "wall": "right",
        "shadow": [
          10.0,
          60.0,
          0.0,
          10.0
        ]
      },
      {
        "object_type": "sink",
        "position": [
          166.0,
          15.0
        ],
        "width": 65.0,
        "depth": 54.0,
        "height": 85.0,
        "wall": "bottom",
        "shadow": [
          60.0,
          0.0,
          0.0,
          0.0
        ]
      }
    ],
    "score_breakdown": {
      "enclosed_spaces": 10.0,
      "no_overlap": 10.0,
      "wall_corner_constraints": 10.0,
      "corner_coverage": 10.0,
      "door_sink_toilet": 13.333333333333332,
      "sink_opposite_door": 10.0,
      "sink_symmetrial_door": 0.0,
      "door_sink_distance": 10.0,
      "toilet_to_door": 20.0,
      "corner_toilet": 0.0,
      "hidden_sink": 10.0,
      "not_enough_space": 10.0,
      "spacing": 8.333333333333334,
      "shadow_constraints": 10.0,
      "requested_objects": 10.0,
      "bathtub_placement": 10.0,
      "toilet_free_space": 6.5,
      "opposite_walls_distance": 10.0
    },
    "processing_time": 70.51017999649048,
    "windows_doors": [
      {
        "name": "door",
        "wall": "top",
        "position": [
          0.0,
          68.0
        ],
        "width": 74.99999999999997,
        "depth": 5.0,
        "height": 275.0,
        "hinge": "left",
        "way": "inward"
      }
    ]
  },
  "score": 93.42592592592592,
  "score_breakdown": {
    "enclosed_spaces": 10,
    "no_overlap": 10,
    "wall_corner_constraints": 10,
    "corner_coverage": 10.0,
    "door_sink_toilet": 13.333333333333332,
    "sink_opposite_door": 10,
    "sink_symmetrial_door": 0,
    "door_sink_distance": 10,
    "toilet_to_door": 20,
    "corner_toilet": 0,
    "hidden_sink": 10,
    "not_enough_space": 10,
    "spacing": 8.333333333333334,
    "shadow_constraints": 10.0,
    "requested_objects": 10.0,
    "bathtub_placement": 10,
    "toilet_free_space": 6.5,
    "opposite_walls_distance": 10
  }
}